question,contexts,ground_truth,evolution_type,metadata,episode_done
"What specific aspects of data collection standardization, such as data format, quality control, or metadata standards, are required to effectively use AI tools, while ensuring ease of implementation and simplicity, without considering data size and utilization scenarios?","['1. 정책/법제 2. 기업/산업 3. 기술/연구 4. 인력/교육\n유로폴, 법 집행에서 AI의 이점과 과제를 다룬 보고서 발간\nKEY Contents\nn 유로폴의 보고서에 따르면 AI는 고급 데이터 분석, 디지털 증거 수집, 이미지와 비디오\n분석 등에 활용되어 법 집행 업무를 대폭 개선할 수 있는 잠재력 보유\nn 그러나 AI 도입을 위해서는 기술적 과제 해결 및 다양한 윤리적·사회적 이슈 대응이\n필요하며, EU AI 법에 부합하도록 기존 AI 시스템에 대한 평가와 수정도 필요\n£유로폴, 법 집행에서 AI 기술의 윤리적이고 투명한 구현을 위한 고려사항 제시\nn EU 사법기관 유로폴(Europol)이 2024년 9월 24일 법 집행에서 효과적 범죄 퇴치를 위한 AI의\n활용 가능성을 탐색한 보고서를 발간\n∙ 보고서는 법 집행에서 AI 기술을 윤리적이고 투명하게 구현하기 위한 지침 역할을 하며, AI의 이점과\n과제를 함께 다룸으로써 법 집행에서 AI 사용 시 윤리적 고려 사항에 대한 인식 제고를 추구\nn 보고서에 따르면 AI는 고급 데이터 분석, 디지털 증거 수집, 이미지와 비디오 분석, 생체인식\n시스템 등에 활용되어 법 집행 업무를 대폭 개선할 수 있는 잠재력 보유\n∙ 법 집행기관은 AI 기반 데이터 분석을 활용해 범죄 활동에 대한 탐지와 대응 능력을 강화하고, AI\n도구로 구조화되지 않은 데이터를 신속히 분석해 비상 상황의 의사결정을 위한 통찰력 확보 가능\n∙ 기계번역과 같은 AI 기반 도구는 여러 국가가 참여하는 조사에서 원활한 국제협력을 위해서도 필수적\nn 그러나 법 집행에서 AI 도구의 효과적이고 책임 있는 활용을 위해 해결되어야 할 기술적 과제 및\n다양한 윤리적·사회적 우려도 존재\n∙ 일례로 관할권 간 데이터 수집과 보관 관행의 차이에 따른 데이터셋의 편향으로 인해 AI 산출물의\n무결성(無缺性)이 손상될 수 있어 표준화된 데이터 수집 규약 필요\n∙ 데이터 규모나 활용 사례의 복잡성과 관계없이 AI 도구를 효과적으로 사용하려면 다양한 데이터', '무결성(無缺性)이 손상될 수 있어 표준화된 데이터 수집 규약 필요\n∙ 데이터 규모나 활용 사례의 복잡성과 관계없이 AI 도구를 효과적으로 사용하려면 다양한 데이터\n규모와 운영 요구사항에 적응할 수 있는 확장성과 성능을 갖춘 AI 모델도 개발 필요\n∙ 편향, 개인정보 침해와 인권 침해와 같은 다양한 윤리적·사회적 우려도 존재하며, 이를 해소하기\n위해 데이터 편향을 제거하고 공공 안전과 개인정보 간 균형을 유지하며 AI 의사 결정 과정에\n대한 투명성과 책임성을 보장 필요\nn 보고서는 2024년 8월 발효된 EU AI 법이 법 집행기관에 미칠 영향도 분석\n∙ EU AI 법은 공공장소에서 실시간 생체인식 식별과 같은 특정 애플리케이션의 사용을 금지하고\n고위험 AI 시스템에 엄격한 감독을 부과하였으나 법 집행 활동의 특수성을 고려해 일부 예외를 설정\n∙ 그러나 일부 예외에도 법 집행 역량 강화를 위한 AI 사용을 위해서는 기존에 도입한 AI\n시스템에 대한 재평가와 수정이 필요한 만큼, 재정과 인력 측면의 상당한 부담 예상\n☞ 출처: Europol, AI and policing-The benefits and challenges of artificial intelligence for law enforcement, 2024.09.24.\n3', '1. 정책/법제 2. 기업/산업 3. 기술/연구 4. 인력/교육\n유로폴, 법 집행에서 AI의 이점과 과제를 다룬 보고서 발간\nKEY Contents\nn 유로폴의 보고서에 따르면 AI는 고급 데이터 분석, 디지털 증거 수집, 이미지와 비디오\n분석 등에 활용되어 법 집행 업무를 대폭 개선할 수 있는 잠재력 보유\nn 그러나 AI 도입을 위해서는 기술적 과제 해결 및 다양한 윤리적·사회적 이슈 대응이\n필요하며, EU AI 법에 부합하도록 기존 AI 시스템에 대한 평가와 수정도 필요\n£유로폴, 법 집행에서 AI 기술의 윤리적이고 투명한 구현을 위한 고려사항 제시\nn EU 사법기관 유로폴(Europol)이 2024년 9월 24일 법 집행에서 효과적 범죄 퇴치를 위한 AI의\n활용 가능성을 탐색한 보고서를 발간\n∙ 보고서는 법 집행에서 AI 기술을 윤리적이고 투명하게 구현하기 위한 지침 역할을 하며, AI의 이점과\n과제를 함께 다룸으로써 법 집행에서 AI 사용 시 윤리적 고려 사항에 대한 인식 제고를 추구\nn 보고서에 따르면 AI는 고급 데이터 분석, 디지털 증거 수집, 이미지와 비디오 분석, 생체인식\n시스템 등에 활용되어 법 집행 업무를 대폭 개선할 수 있는 잠재력 보유\n∙ 법 집행기관은 AI 기반 데이터 분석을 활용해 범죄 활동에 대한 탐지와 대응 능력을 강화하고, AI\n도구로 구조화되지 않은 데이터를 신속히 분석해 비상 상황의 의사결정을 위한 통찰력 확보 가능\n∙ 기계번역과 같은 AI 기반 도구는 여러 국가가 참여하는 조사에서 원활한 국제협력을 위해서도 필수적\nn 그러나 법 집행에서 AI 도구의 효과적이고 책임 있는 활용을 위해 해결되어야 할 기술적 과제 및\n다양한 윤리적·사회적 우려도 존재\n∙ 일례로 관할권 간 데이터 수집과 보관 관행의 차이에 따른 데이터셋의 편향으로 인해 AI 산출물의\n무결성(無缺性)이 손상될 수 있어 표준화된 데이터 수집 규약 필요\n∙ 데이터 규모나 활용 사례의 복잡성과 관계없이 AI 도구를 효과적으로 사용하려면 다양한 데이터']",The answer to given question is not present in context,simple,"[{'source': 'data/SPRi AI Brief_11월호_산업동향_F.pdf', 'file_path': 'data/SPRi AI Brief_11월호_산업동향_F.pdf', 'page': 5, 'total_pages': 25, 'Author': 'dj', 'Creator': 'Hwp 2018 10.0.0.13947', 'Producer': 'Hancom PDF 1.3.0.547', 'CreationDate': ""D:20241105150426+09'00'"", 'ModDate': ""D:20241105150426+09'00'"", 'PDFVersion': '1.4', 'filename': 'data/SPRi AI Brief_11월호_산업동향_F.pdf'}, {'source': 'data/SPRi AI Brief_11월호_산업동향_F.pdf', 'file_path': 'data/SPRi AI Brief_11월호_산업동향_F.pdf', 'page': 5, 'total_pages': 25, 'Author': 'dj', 'Creator': 'Hwp 2018 10.0.0.13947', 'Producer': 'Hancom PDF 1.3.0.547', 'CreationDate': ""D:20241105150426+09'00'"", 'ModDate': ""D:20241105150426+09'00'"", 'PDFVersion': '1.4', 'filename': 'data/SPRi AI Brief_11월호_산업동향_F.pdf'}, {'source': 'data/SPRi AI Brief_11월호_산업동향_F.pdf', 'file_path': 'data/SPRi AI Brief_11월호_산업동향_F.pdf', 'page': 5, 'total_pages': 25, 'Author': 'dj', 'Creator': 'Hwp 2018 10.0.0.13947', 'Producer': 'Hancom PDF 1.3.0.547', 'CreationDate': ""D:20241105150426+09'00'"", 'ModDate': ""D:20241105150426+09'00'"", 'PDFVersion': '1.4', 'filename': 'data/SPRi AI Brief_11월호_산업동향_F.pdf'}]",True
What factors are contributing to the recent increase in popularity of the Mamba AI framework among developers?,"['SPRi AI Brief |\n2024-11월호\nAI21 CEO, AI 에이전트에 트랜스포머 아키텍처의 대안 필요성 강조\nKEY Contents\nn 이스라엘 AI 스타트업 AI21의 오리 고센 CEO는 AI 모델 개발에 주로 활용되는 트랜스포머\n아키텍처가 느린 속도와 과도한 연산 비용으로 인해 AI 에이전트에 부적합하다고 지적\nn 고센 CEO는 AI 에이전트를 활성화하려면 메모리 사용을 최적화하여 효율적 연산과 비용\n절감을 지원하는 맘바나 잠바와 같은 대체 아키텍처에 주목해야 한다고 주장\n£AI 에이전트 활성화를 위해 향상된 메모리 성능을 갖춘 대체 아키텍처 채택 필요\nn 이스라엘의 AI 스타트업 AI21의 오리 고센(Ori Goshen) CEO가 AI 에이전트를 활성화하려면\n트랜스포머(Transformer)* 이외의 새로운 아키텍처**가 필요하다고 주장\n* 문장 속 단어와 같은 순차 데이터 내의 관계를 추적해 맥락과 의미를 학습하는 신경망\n** AI 시스템이 데이터를 처리하고 학습하기 위한 신경망의 전체적인 구조와 설계 방식을 의미\n∙ 트랜스포머는 현재 AI 모델 개발에서 가장 많이 사용되는 아키텍처이지만, 다중 에이전트 생태계 조성\n측면에서는 한계를 내포\n∙ 트랜스포머 아키텍처는 처리하는 컨텍스트가 길수록 속도가 느리고 연산 비용이 많이 드는데, AI\n에이전트는 LLM을 여러 차례 호출해야 하고 각 단계에서 광범위한 컨텍스트를 사용하는 경우가 많아\n처리 과정에서 지연이 발생\nn 고센 CEO는 ‘맘바(Mamba)’와 ‘잠바(Jamba)’와 같은 대체 아키텍처를 활용하면 AI 에이전트를 더\n효율적이고 저렴하게 만들 수 있다고 강조\n∙ 카네기멜론⼤와 프린스턴⼤ 연구진이 개발한 맘바는 트랜스포머 모델의 핵심인 어텐션(Attention)*\n메커니즘 대신 데이터를 우선순위에 따라 정리하고 입력에 가중치를 부여해 메모리 사용을 최적화\n* 입력된 데이터 간 연관성을 파악해 상호작용을 계산하는 메커니즘', '메커니즘 대신 데이터를 우선순위에 따라 정리하고 입력에 가중치를 부여해 메모리 사용을 최적화\n* 입력된 데이터 간 연관성을 파악해 상호작용을 계산하는 메커니즘\n∙ 미스트랄이 2024년 7월 ‘코드스트랄(Codestral) 맘바 7B’를, UAE의 AI 기업 팔콘(Falcon)이 8월\n‘팔콘 맘바 7B’를 출시하는 등, 최근 오픈소스 AI 개발자 사이에서 맘바의 인기가 높아지는 추세\n∙ AI21 역시 맘바 아키텍처를 토대로 더 빠른 추론 시간과 더 긴 컨텍스트를 지원하는 잠바 아키텍처를\n활용해 기반모델을 개발\nn 고센 CEO는 AI 에이전트가 최근 들어서야 부상하고 있으며 대다수 AI 에이전트가 아직 상용화되지 않은\n이유가 트랜스포머로 구축된 LLM의 한계 때문이라고 지적\n∙ AI 에이전트가 상용화되려면 데이터 간 연관성을 파악해 확률적으로 가장 그럴듯한 답변을 생성하는\nLLM의 신뢰성을 높여야 하며, 필요한 수준의 신뢰성 보장을 위해서는 추가적인 요소의 통합이 필요\n∙ 최근 서비스나우(ServiceNow), 세일즈포스 등 여러 기업이 AI 에이전트나 에이전트 구축을 지원하는\n플랫폼을 출시하는 추세로, 고센 CEO는 이러한 추세가 적절한 기반모델과 아키텍처를 조합함으로써 더욱\n확산될 것으로 예상\n☞ 출처: Venturebeat, AI21 CEO says transformers not right for AI agents due to error perpetuation, 2024.10.11.\n16']","The recent increase in popularity of the Mamba AI framework among developers is due to its core attention mechanism, which prioritizes data processing and input weighting, optimizing memory usage. Additionally, the framework's efficiency and cost-effectiveness are emphasized by Ori Goshen, CEO of AI21, as key factors.",simple,"[{'source': 'data/SPRi AI Brief_11월호_산업동향_F.pdf', 'file_path': 'data/SPRi AI Brief_11월호_산업동향_F.pdf', 'page': 18, 'total_pages': 25, 'Author': 'dj', 'Creator': 'Hwp 2018 10.0.0.13947', 'Producer': 'Hancom PDF 1.3.0.547', 'CreationDate': ""D:20241105150426+09'00'"", 'ModDate': ""D:20241105150426+09'00'"", 'PDFVersion': '1.4', 'filename': 'data/SPRi AI Brief_11월호_산업동향_F.pdf'}, {'source': 'data/SPRi AI Brief_11월호_산업동향_F.pdf', 'file_path': 'data/SPRi AI Brief_11월호_산업동향_F.pdf', 'page': 18, 'total_pages': 25, 'Author': 'dj', 'Creator': 'Hwp 2018 10.0.0.13947', 'Producer': 'Hancom PDF 1.3.0.547', 'CreationDate': ""D:20241105150426+09'00'"", 'ModDate': ""D:20241105150426+09'00'"", 'PDFVersion': '1.4', 'filename': 'data/SPRi AI Brief_11월호_산업동향_F.pdf'}]",True
How does the MIT Industrial Performance Center assess the impact of automation technology on workers?,"['1. 정책/법제 2. 기업/산업 3. 기술/연구 4. 인력/교육\nMIT 산업성과센터, 근로자 관점에서 자동화 기술의 영향 조사\nKEY Contents\nn MIT 산업성과센터가 설문조사를 통해 근로자 관점의 자동화 기술의 영향을 조사한 결과,\n근로자들은 직장 내 안전, 임금, 업무 자율성 등에서 자동화를 긍정적으로 평가\nn 복잡한 문제 해결이 필요한 작업을 수행하는 근로자 및 자신의 직무에 만족하는 근로자일수록\n자동화의 영향에 긍정적인 것으로 확인\n£근로자들, 직장 내 안전, 임금, 업무 자율성 등에서 자동화의 영향에 긍정적\nn MIT 산업성과센터(IPC)는 2024년 9월 30일 9개국* 9천 명 이상의 근로자에 대한 설문조사를\n바탕으로 근로자 관점에서 자동화 기술을 평가한 연구 결과를 공개\n* 독일, 미국, 스페인, 영국, 이탈리아, 일본, 폴란드, 프랑스, 호주\n∙ 연구진은 설문조사를 통해 업무 환경, 직장에서 사용되는 자동화 기술(로봇 및 AI 등), 업무와 기술에\n대한 태도, 기술이 업무에 미치는 영향을 조사\nn 조사 결과, 근로자들 사이에서는 직장 내 안전이나 임금, 업무 자율성 등의 측면에서 자동화가\n긍정적 영향을 미칠 것이란 응답이 우세\n∙ 자동화가 직장 내 안전에 미치는 영향에 대하여 응답자 44.9%는 긍정적으로 평가했으며 부정적\n응답은 12.5%에 불과\n∙ 자동화가 임금에 미치는 영향은 28.8%가 긍정적, 24.8%는 부정적으로 답했으며, 업무 자율성에\n미치는 영향은 37.9%는 긍정적, 19.9%가 부정적이라고 응답\nn 자동화 기술에 대한 근로자들의 인식은 대체로 긍정적으로 나타났으나, 국가 별 차이가 존재하며\n미국 근로자들이 가장 비관적 태도를 보유\n∙ 9개국 중 미국에서만 자동화가 임금 및 직업 안정성에 부정적이라는 응답이 긍정적이라는 응답보다\n우세(임금: –0.6%, 직업 안정성: -4.6%)*\n* 긍정적 응답에서 부정적 응답 비율을 뺀 수치']","The MIT Industrial Performance Center assesses the impact of automation technology on workers through surveys, evaluating aspects such as job safety, wages, and job autonomy. The results indicate that workers generally perceive the impact of automation positively, although there are variations across different countries.",simple,"[{'source': 'data/SPRi AI Brief_11월호_산업동향_F.pdf', 'file_path': 'data/SPRi AI Brief_11월호_산업동향_F.pdf', 'page': 19, 'total_pages': 25, 'Author': 'dj', 'Creator': 'Hwp 2018 10.0.0.13947', 'Producer': 'Hancom PDF 1.3.0.547', 'CreationDate': ""D:20241105150426+09'00'"", 'ModDate': ""D:20241105150426+09'00'"", 'PDFVersion': '1.4', 'filename': 'data/SPRi AI Brief_11월호_산업동향_F.pdf'}]",True
"What role does AI play in addressing global challenges such as environmental issues, economic resilience, and social welfare?","['∙ (글로벌 도전과제 해결) 환경 문제, 경제 회복력, 사회복지 등 글로벌 도전 과제 해결에 도움이 되는 AI\n애플리케이션을 우선 개발\n∙ (AI 안전과 보안, 신뢰성을 포함한 AI 기초연구) AI는 아직 개발 초기 단계로 안전하고 신뢰할 수 있는\nAI 시스템 개발을 위해 더 많은 기술 발전 필요\n∙ (글로벌 노동 시장에서 AI의 영향 연구) AI가 노동 시장에 미치는 여러 측면을 다루는 연구를 수행하고\n노동 시장에 미치는 AI의 부정적 영향을 완화하기 위한 전략을 수립\nn 국무부는 GAIRA를 통해 연구 기금 제공자, 연구 생태계 허브, 연구팀과 같은 이해관계자별로 연구\n의제의 목표 달성을 위한 권장 사항을 제시\n∙ (연구 기금 제공자) 투명성을 증진하고 국제 AI 연구 협력을 지원하는 기금을 요청하며 다양한 지역에\n서 연구 인프라 접근성을 증진하고 민관협력을 추진\n∙ (연구 생태계 허브) 연구 재현성을 장려하고, AI 연구 가이드라인 관련 협력과 조정을 강화하며, 민간\n분야에서 중시하는 연구 주제 이외의 연구를 지원\n∙ (연구팀) 다학제적 팀을 우선 편성하고 지역 연구자들과 협력하며, 사회기술적 방법론과 연구 설계를\n채택하고 위험 평가 절차를 통합\n☞ 출처: U.S. Department of State, Global AI Research Agenda, 2024.09.23.\n13']","AI helps in solving global challenges such as environmental issues, economic resilience, and social welfare.",simple,"[{'source': 'data/SPRi AI Brief_11월호_산업동향_F.pdf', 'file_path': 'data/SPRi AI Brief_11월호_산업동향_F.pdf', 'page': 15, 'total_pages': 25, 'Author': 'dj', 'Creator': 'Hwp 2018 10.0.0.13947', 'Producer': 'Hancom PDF 1.3.0.547', 'CreationDate': ""D:20241105150426+09'00'"", 'ModDate': ""D:20241105150426+09'00'"", 'PDFVersion': '1.4', 'filename': 'data/SPRi AI Brief_11월호_산업동향_F.pdf'}]",True
How do Transformers boost AI21's model efficiency and cost?,"['SPRi AI Brief |\n2024-11월호\nAI21 CEO, AI 에이전트에 트랜스포머 아키텍처의 대안 필요성 강조\nKEY Contents\nn 이스라엘 AI 스타트업 AI21의 오리 고센 CEO는 AI 모델 개발에 주로 활용되는 트랜스포머\n아키텍처가 느린 속도와 과도한 연산 비용으로 인해 AI 에이전트에 부적합하다고 지적\nn 고센 CEO는 AI 에이전트를 활성화하려면 메모리 사용을 최적화하여 효율적 연산과 비용\n절감을 지원하는 맘바나 잠바와 같은 대체 아키텍처에 주목해야 한다고 주장\n£AI 에이전트 활성화를 위해 향상된 메모리 성능을 갖춘 대체 아키텍처 채택 필요\nn 이스라엘의 AI 스타트업 AI21의 오리 고센(Ori Goshen) CEO가 AI 에이전트를 활성화하려면\n트랜스포머(Transformer)* 이외의 새로운 아키텍처**가 필요하다고 주장\n* 문장 속 단어와 같은 순차 데이터 내의 관계를 추적해 맥락과 의미를 학습하는 신경망\n** AI 시스템이 데이터를 처리하고 학습하기 위한 신경망의 전체적인 구조와 설계 방식을 의미\n∙ 트랜스포머는 현재 AI 모델 개발에서 가장 많이 사용되는 아키텍처이지만, 다중 에이전트 생태계 조성\n측면에서는 한계를 내포\n∙ 트랜스포머 아키텍처는 처리하는 컨텍스트가 길수록 속도가 느리고 연산 비용이 많이 드는데, AI\n에이전트는 LLM을 여러 차례 호출해야 하고 각 단계에서 광범위한 컨텍스트를 사용하는 경우가 많아\n처리 과정에서 지연이 발생\nn 고센 CEO는 ‘맘바(Mamba)’와 ‘잠바(Jamba)’와 같은 대체 아키텍처를 활용하면 AI 에이전트를 더\n효율적이고 저렴하게 만들 수 있다고 강조\n∙ 카네기멜론⼤와 프린스턴⼤ 연구진이 개발한 맘바는 트랜스포머 모델의 핵심인 어텐션(Attention)*\n메커니즘 대신 데이터를 우선순위에 따라 정리하고 입력에 가중치를 부여해 메모리 사용을 최적화\n* 입력된 데이터 간 연관성을 파악해 상호작용을 계산하는 메커니즘']","Transformers are used extensively in AI model development, but they require a lot of processing power and incur high costs. To enhance AI21's model efficiency and reduce costs, alternative architectures like Mamba and Jamba are suggested, which can make AI agents more efficient and cost-effective.",reasoning,"[{'source': 'data/SPRi AI Brief_11월호_산업동향_F.pdf', 'file_path': 'data/SPRi AI Brief_11월호_산업동향_F.pdf', 'page': 18, 'total_pages': 25, 'Author': 'dj', 'Creator': 'Hwp 2018 10.0.0.13947', 'Producer': 'Hancom PDF 1.3.0.547', 'CreationDate': ""D:20241105150426+09'00'"", 'ModDate': ""D:20241105150426+09'00'"", 'PDFVersion': '1.4', 'filename': 'data/SPRi AI Brief_11월호_산업동향_F.pdf'}]",True
How can investment boost AI platforms in companies?,"['1. 정책/법제 2. 기업/산업 3. 기술/연구 4. 인력/교육\n가트너 예측, AI로 인해 엔지니어링 인력의 80%가 역량 향상 필요\nKEY Contents\nn 가트너에 따르면 생성AI의 도입으로 중장기적으로 소프트웨어 엔지니어링에서 데이터 과학 및\nAI/ML 역량의 중요성이 커지면서 AI 엔지니어의 수요가 늘어날 전망\nn 기업들은 AI 엔지니어를 지원하고 기업 내 AI 통합을 촉진하기 위해 AI 개발자 플랫폼에 대한\n투자를 강화할 필요\n£생성AI로 소프트웨어 엔지니어링에서 데이터과학과 AI/ML 역량의 중요성 증대\nn 시장조사기관 가트너(Gartner)에 따르면 2027년까지 생성AI로 인해 소프트웨어 엔지니어링\n인력의 80%가 역량 향상이 필요할 전망\n∙ AI로 인해 인간 엔지니어에 대한 수요가 감소하거나 심지어 AI가 인간을 대체할 것이라는 예상과\n달리, 가트너는 AI가 향후 소프트웨어 엔지니어의 역할을 변화시키더라도 인간의 전문성과 창의성은\n여전히 중요하다고 강조\nn 가트너에 따르면 생성AI는 소프트웨어 엔지니어의 역할에 단기, 중기, 장기적으로 영향을 미칠 전망\n∙ 단기적으로는 AI가 기존 개발자의 작업 패턴과 업무를 보완하며 소폭의 생산성 향상 효과를 가져오며,\nAI의 생산성 향상 효과는 성숙한 엔지니어링 관행을 갖춘 기업의 상급 개발자에게 집중될 전망\n∙ 중기적으로는 AI 에이전트를 통해 더 많은 업무가 자동화되어 개발자의 작업 패턴의 변화가 예상되며,\n이는 코드 대부분이 인간이 아닌 AI로 생성되는 AI 네이티브 소프트웨어 엔지니어링의 출현을 의미해\n자연어 프롬프트 엔지니어링과 검색 증강 생성(RAG)* 기술이 엔지니어링의 필수 역량이 될 전망\n* 외부 데이터를 활용하여 LLM의 출력 정확성을 향상하는 기술\n∙ 장기적으로는 기업 내 AI 기반 소프트웨어 수요가 증가하면서 이를 충족하기 위해 소프트웨어\n엔지니어링, 데이터 과학, AI/ML(머신러닝) 분야의 고유한 기술을 갖춘 훨씬 숙련된 AI 엔지니어가\n부상할 전망']",Companies need to strengthen investment in AI developers' platforms to support AI engineering and promote AI integration within the company.,reasoning,"[{'source': 'data/SPRi AI Brief_11월호_산업동향_F.pdf', 'file_path': 'data/SPRi AI Brief_11월호_산업동향_F.pdf', 'page': 21, 'total_pages': 25, 'Author': 'dj', 'Creator': 'Hwp 2018 10.0.0.13947', 'Producer': 'Hancom PDF 1.3.0.547', 'CreationDate': ""D:20241105150426+09'00'"", 'ModDate': ""D:20241105150426+09'00'"", 'PDFVersion': '1.4', 'filename': 'data/SPRi AI Brief_11월호_산업동향_F.pdf'}]",True
How might the EU AI law impact data use for crime prevention?,"['1. 정책/법제 2. 기업/산업 3. 기술/연구 4. 인력/교육\n유로폴, 법 집행에서 AI의 이점과 과제를 다룬 보고서 발간\nKEY Contents\nn 유로폴의 보고서에 따르면 AI는 고급 데이터 분석, 디지털 증거 수집, 이미지와 비디오\n분석 등에 활용되어 법 집행 업무를 대폭 개선할 수 있는 잠재력 보유\nn 그러나 AI 도입을 위해서는 기술적 과제 해결 및 다양한 윤리적·사회적 이슈 대응이\n필요하며, EU AI 법에 부합하도록 기존 AI 시스템에 대한 평가와 수정도 필요\n£유로폴, 법 집행에서 AI 기술의 윤리적이고 투명한 구현을 위한 고려사항 제시\nn EU 사법기관 유로폴(Europol)이 2024년 9월 24일 법 집행에서 효과적 범죄 퇴치를 위한 AI의\n활용 가능성을 탐색한 보고서를 발간\n∙ 보고서는 법 집행에서 AI 기술을 윤리적이고 투명하게 구현하기 위한 지침 역할을 하며, AI의 이점과\n과제를 함께 다룸으로써 법 집행에서 AI 사용 시 윤리적 고려 사항에 대한 인식 제고를 추구\nn 보고서에 따르면 AI는 고급 데이터 분석, 디지털 증거 수집, 이미지와 비디오 분석, 생체인식\n시스템 등에 활용되어 법 집행 업무를 대폭 개선할 수 있는 잠재력 보유\n∙ 법 집행기관은 AI 기반 데이터 분석을 활용해 범죄 활동에 대한 탐지와 대응 능력을 강화하고, AI\n도구로 구조화되지 않은 데이터를 신속히 분석해 비상 상황의 의사결정을 위한 통찰력 확보 가능\n∙ 기계번역과 같은 AI 기반 도구는 여러 국가가 참여하는 조사에서 원활한 국제협력을 위해서도 필수적\nn 그러나 법 집행에서 AI 도구의 효과적이고 책임 있는 활용을 위해 해결되어야 할 기술적 과제 및\n다양한 윤리적·사회적 우려도 존재\n∙ 일례로 관할권 간 데이터 수집과 보관 관행의 차이에 따른 데이터셋의 편향으로 인해 AI 산출물의\n무결성(無缺性)이 손상될 수 있어 표준화된 데이터 수집 규약 필요\n∙ 데이터 규모나 활용 사례의 복잡성과 관계없이 AI 도구를 효과적으로 사용하려면 다양한 데이터', '무결성(無缺性)이 손상될 수 있어 표준화된 데이터 수집 규약 필요\n∙ 데이터 규모나 활용 사례의 복잡성과 관계없이 AI 도구를 효과적으로 사용하려면 다양한 데이터\n규모와 운영 요구사항에 적응할 수 있는 확장성과 성능을 갖춘 AI 모델도 개발 필요\n∙ 편향, 개인정보 침해와 인권 침해와 같은 다양한 윤리적·사회적 우려도 존재하며, 이를 해소하기\n위해 데이터 편향을 제거하고 공공 안전과 개인정보 간 균형을 유지하며 AI 의사 결정 과정에\n대한 투명성과 책임성을 보장 필요\nn 보고서는 2024년 8월 발효된 EU AI 법이 법 집행기관에 미칠 영향도 분석\n∙ EU AI 법은 공공장소에서 실시간 생체인식 식별과 같은 특정 애플리케이션의 사용을 금지하고\n고위험 AI 시스템에 엄격한 감독을 부과하였으나 법 집행 활동의 특수성을 고려해 일부 예외를 설정\n∙ 그러나 일부 예외에도 법 집행 역량 강화를 위한 AI 사용을 위해서는 기존에 도입한 AI\n시스템에 대한 재평가와 수정이 필요한 만큼, 재정과 인력 측면의 상당한 부담 예상\n☞ 출처: Europol, AI and policing-The benefits and challenges of artificial intelligence for law enforcement, 2024.09.24.\n3', '1. 정책/법제 2. 기업/산업 3. 기술/연구 4. 인력/교육\n유로폴, 법 집행에서 AI의 이점과 과제를 다룬 보고서 발간\nKEY Contents\nn 유로폴의 보고서에 따르면 AI는 고급 데이터 분석, 디지털 증거 수집, 이미지와 비디오\n분석 등에 활용되어 법 집행 업무를 대폭 개선할 수 있는 잠재력 보유\nn 그러나 AI 도입을 위해서는 기술적 과제 해결 및 다양한 윤리적·사회적 이슈 대응이\n필요하며, EU AI 법에 부합하도록 기존 AI 시스템에 대한 평가와 수정도 필요\n£유로폴, 법 집행에서 AI 기술의 윤리적이고 투명한 구현을 위한 고려사항 제시\nn EU 사법기관 유로폴(Europol)이 2024년 9월 24일 법 집행에서 효과적 범죄 퇴치를 위한 AI의\n활용 가능성을 탐색한 보고서를 발간\n∙ 보고서는 법 집행에서 AI 기술을 윤리적이고 투명하게 구현하기 위한 지침 역할을 하며, AI의 이점과\n과제를 함께 다룸으로써 법 집행에서 AI 사용 시 윤리적 고려 사항에 대한 인식 제고를 추구\nn 보고서에 따르면 AI는 고급 데이터 분석, 디지털 증거 수집, 이미지와 비디오 분석, 생체인식\n시스템 등에 활용되어 법 집행 업무를 대폭 개선할 수 있는 잠재력 보유\n∙ 법 집행기관은 AI 기반 데이터 분석을 활용해 범죄 활동에 대한 탐지와 대응 능력을 강화하고, AI\n도구로 구조화되지 않은 데이터를 신속히 분석해 비상 상황의 의사결정을 위한 통찰력 확보 가능\n∙ 기계번역과 같은 AI 기반 도구는 여러 국가가 참여하는 조사에서 원활한 국제협력을 위해서도 필수적\nn 그러나 법 집행에서 AI 도구의 효과적이고 책임 있는 활용을 위해 해결되어야 할 기술적 과제 및\n다양한 윤리적·사회적 우려도 존재\n∙ 일례로 관할권 간 데이터 수집과 보관 관행의 차이에 따른 데이터셋의 편향으로 인해 AI 산출물의\n무결성(無缺性)이 손상될 수 있어 표준화된 데이터 수집 규약 필요\n∙ 데이터 규모나 활용 사례의 복잡성과 관계없이 AI 도구를 효과적으로 사용하려면 다양한 데이터']","The EU AI law, effective from August 2024, impacts data use for crime prevention by prohibiting the use of certain AI applications, such as real-time biometric identification in public spaces, and imposing strict oversight on high-risk AI systems. It also considers exceptions for law enforcement activities, requiring re-evaluation and adjustments to existing AI systems to ensure compliance, while maintaining significant accountability and transparency in decision-making processes.",multi_context,"[{'source': 'data/SPRi AI Brief_11월호_산업동향_F.pdf', 'file_path': 'data/SPRi AI Brief_11월호_산업동향_F.pdf', 'page': 5, 'total_pages': 25, 'Author': 'dj', 'Creator': 'Hwp 2018 10.0.0.13947', 'Producer': 'Hancom PDF 1.3.0.547', 'CreationDate': ""D:20241105150426+09'00'"", 'ModDate': ""D:20241105150426+09'00'"", 'PDFVersion': '1.4', 'filename': 'data/SPRi AI Brief_11월호_산업동향_F.pdf'}, {'source': 'data/SPRi AI Brief_11월호_산업동향_F.pdf', 'file_path': 'data/SPRi AI Brief_11월호_산업동향_F.pdf', 'page': 5, 'total_pages': 25, 'Author': 'dj', 'Creator': 'Hwp 2018 10.0.0.13947', 'Producer': 'Hancom PDF 1.3.0.547', 'CreationDate': ""D:20241105150426+09'00'"", 'ModDate': ""D:20241105150426+09'00'"", 'PDFVersion': '1.4', 'filename': 'data/SPRi AI Brief_11월호_산업동향_F.pdf'}, {'source': 'data/SPRi AI Brief_11월호_산업동향_F.pdf', 'file_path': 'data/SPRi AI Brief_11월호_산업동향_F.pdf', 'page': 5, 'total_pages': 25, 'Author': 'dj', 'Creator': 'Hwp 2018 10.0.0.13947', 'Producer': 'Hancom PDF 1.3.0.547', 'CreationDate': ""D:20241105150426+09'00'"", 'ModDate': ""D:20241105150426+09'00'"", 'PDFVersion': '1.4', 'filename': 'data/SPRi AI Brief_11월호_산업동향_F.pdf'}]",True
"What limits Transformers in AI that require memory optimization, and how does this boost model reliability?","['SPRi AI Brief |\n2024-11월호\nAI21 CEO, AI 에이전트에 트랜스포머 아키텍처의 대안 필요성 강조\nKEY Contents\nn 이스라엘 AI 스타트업 AI21의 오리 고센 CEO는 AI 모델 개발에 주로 활용되는 트랜스포머\n아키텍처가 느린 속도와 과도한 연산 비용으로 인해 AI 에이전트에 부적합하다고 지적\nn 고센 CEO는 AI 에이전트를 활성화하려면 메모리 사용을 최적화하여 효율적 연산과 비용\n절감을 지원하는 맘바나 잠바와 같은 대체 아키텍처에 주목해야 한다고 주장\n£AI 에이전트 활성화를 위해 향상된 메모리 성능을 갖춘 대체 아키텍처 채택 필요\nn 이스라엘의 AI 스타트업 AI21의 오리 고센(Ori Goshen) CEO가 AI 에이전트를 활성화하려면\n트랜스포머(Transformer)* 이외의 새로운 아키텍처**가 필요하다고 주장\n* 문장 속 단어와 같은 순차 데이터 내의 관계를 추적해 맥락과 의미를 학습하는 신경망\n** AI 시스템이 데이터를 처리하고 학습하기 위한 신경망의 전체적인 구조와 설계 방식을 의미\n∙ 트랜스포머는 현재 AI 모델 개발에서 가장 많이 사용되는 아키텍처이지만, 다중 에이전트 생태계 조성\n측면에서는 한계를 내포\n∙ 트랜스포머 아키텍처는 처리하는 컨텍스트가 길수록 속도가 느리고 연산 비용이 많이 드는데, AI\n에이전트는 LLM을 여러 차례 호출해야 하고 각 단계에서 광범위한 컨텍스트를 사용하는 경우가 많아\n처리 과정에서 지연이 발생\nn 고센 CEO는 ‘맘바(Mamba)’와 ‘잠바(Jamba)’와 같은 대체 아키텍처를 활용하면 AI 에이전트를 더\n효율적이고 저렴하게 만들 수 있다고 강조\n∙ 카네기멜론⼤와 프린스턴⼤ 연구진이 개발한 맘바는 트랜스포머 모델의 핵심인 어텐션(Attention)*\n메커니즘 대신 데이터를 우선순위에 따라 정리하고 입력에 가중치를 부여해 메모리 사용을 최적화\n* 입력된 데이터 간 연관성을 파악해 상호작용을 계산하는 메커니즘', '메커니즘 대신 데이터를 우선순위에 따라 정리하고 입력에 가중치를 부여해 메모리 사용을 최적화\n* 입력된 데이터 간 연관성을 파악해 상호작용을 계산하는 메커니즘\n∙ 미스트랄이 2024년 7월 ‘코드스트랄(Codestral) 맘바 7B’를, UAE의 AI 기업 팔콘(Falcon)이 8월\n‘팔콘 맘바 7B’를 출시하는 등, 최근 오픈소스 AI 개발자 사이에서 맘바의 인기가 높아지는 추세\n∙ AI21 역시 맘바 아키텍처를 토대로 더 빠른 추론 시간과 더 긴 컨텍스트를 지원하는 잠바 아키텍처를\n활용해 기반모델을 개발\nn 고센 CEO는 AI 에이전트가 최근 들어서야 부상하고 있으며 대다수 AI 에이전트가 아직 상용화되지 않은\n이유가 트랜스포머로 구축된 LLM의 한계 때문이라고 지적\n∙ AI 에이전트가 상용화되려면 데이터 간 연관성을 파악해 확률적으로 가장 그럴듯한 답변을 생성하는\nLLM의 신뢰성을 높여야 하며, 필요한 수준의 신뢰성 보장을 위해서는 추가적인 요소의 통합이 필요\n∙ 최근 서비스나우(ServiceNow), 세일즈포스 등 여러 기업이 AI 에이전트나 에이전트 구축을 지원하는\n플랫폼을 출시하는 추세로, 고센 CEO는 이러한 추세가 적절한 기반모델과 아키텍처를 조합함으로써 더욱\n확산될 것으로 예상\n☞ 출처: Venturebeat, AI21 CEO says transformers not right for AI agents due to error perpetuation, 2024.10.11.\n16', 'SPRi AI Brief |\n2024-11월호\nAI21 CEO, AI 에이전트에 트랜스포머 아키텍처의 대안 필요성 강조\nKEY Contents\nn 이스라엘 AI 스타트업 AI21의 오리 고센 CEO는 AI 모델 개발에 주로 활용되는 트랜스포머\n아키텍처가 느린 속도와 과도한 연산 비용으로 인해 AI 에이전트에 부적합하다고 지적\nn 고센 CEO는 AI 에이전트를 활성화하려면 메모리 사용을 최적화하여 효율적 연산과 비용\n절감을 지원하는 맘바나 잠바와 같은 대체 아키텍처에 주목해야 한다고 주장\n£AI 에이전트 활성화를 위해 향상된 메모리 성능을 갖춘 대체 아키텍처 채택 필요\nn 이스라엘의 AI 스타트업 AI21의 오리 고센(Ori Goshen) CEO가 AI 에이전트를 활성화하려면\n트랜스포머(Transformer)* 이외의 새로운 아키텍처**가 필요하다고 주장\n* 문장 속 단어와 같은 순차 데이터 내의 관계를 추적해 맥락과 의미를 학습하는 신경망\n** AI 시스템이 데이터를 처리하고 학습하기 위한 신경망의 전체적인 구조와 설계 방식을 의미\n∙ 트랜스포머는 현재 AI 모델 개발에서 가장 많이 사용되는 아키텍처이지만, 다중 에이전트 생태계 조성\n측면에서는 한계를 내포\n∙ 트랜스포머 아키텍처는 처리하는 컨텍스트가 길수록 속도가 느리고 연산 비용이 많이 드는데, AI\n에이전트는 LLM을 여러 차례 호출해야 하고 각 단계에서 광범위한 컨텍스트를 사용하는 경우가 많아\n처리 과정에서 지연이 발생\nn 고센 CEO는 ‘맘바(Mamba)’와 ‘잠바(Jamba)’와 같은 대체 아키텍처를 활용하면 AI 에이전트를 더\n효율적이고 저렴하게 만들 수 있다고 강조\n∙ 카네기멜론⼤와 프린스턴⼤ 연구진이 개발한 맘바는 트랜스포머 모델의 핵심인 어텐션(Attention)*\n메커니즘 대신 데이터를 우선순위에 따라 정리하고 입력에 가중치를 부여해 메모리 사용을 최적화\n* 입력된 데이터 간 연관성을 파악해 상호작용을 계산하는 메커니즘']","Transformers are limited in AI applications that require memory optimization due to the high speed and cost of processing complex contexts, which can lead to error perpetuation. To boost model reliability, it is necessary to analyze the relationships between data points and ensure a high level of reliability by integrating additional elements for comprehensive answers.",multi_context,"[{'source': 'data/SPRi AI Brief_11월호_산업동향_F.pdf', 'file_path': 'data/SPRi AI Brief_11월호_산업동향_F.pdf', 'page': 18, 'total_pages': 25, 'Author': 'dj', 'Creator': 'Hwp 2018 10.0.0.13947', 'Producer': 'Hancom PDF 1.3.0.547', 'CreationDate': ""D:20241105150426+09'00'"", 'ModDate': ""D:20241105150426+09'00'"", 'PDFVersion': '1.4', 'filename': 'data/SPRi AI Brief_11월호_산업동향_F.pdf'}, {'source': 'data/SPRi AI Brief_11월호_산업동향_F.pdf', 'file_path': 'data/SPRi AI Brief_11월호_산업동향_F.pdf', 'page': 18, 'total_pages': 25, 'Author': 'dj', 'Creator': 'Hwp 2018 10.0.0.13947', 'Producer': 'Hancom PDF 1.3.0.547', 'CreationDate': ""D:20241105150426+09'00'"", 'ModDate': ""D:20241105150426+09'00'"", 'PDFVersion': '1.4', 'filename': 'data/SPRi AI Brief_11월호_산업동향_F.pdf'}, {'source': 'data/SPRi AI Brief_11월호_산업동향_F.pdf', 'file_path': 'data/SPRi AI Brief_11월호_산업동향_F.pdf', 'page': 18, 'total_pages': 25, 'Author': 'dj', 'Creator': 'Hwp 2018 10.0.0.13947', 'Producer': 'Hancom PDF 1.3.0.547', 'CreationDate': ""D:20241105150426+09'00'"", 'ModDate': ""D:20241105150426+09'00'"", 'PDFVersion': '1.4', 'filename': 'data/SPRi AI Brief_11월호_산업동향_F.pdf'}]",True
"If LLMs don't become more reliable, how could this affect their use in AI agents for data interaction?","['메커니즘 대신 데이터를 우선순위에 따라 정리하고 입력에 가중치를 부여해 메모리 사용을 최적화\n* 입력된 데이터 간 연관성을 파악해 상호작용을 계산하는 메커니즘\n∙ 미스트랄이 2024년 7월 ‘코드스트랄(Codestral) 맘바 7B’를, UAE의 AI 기업 팔콘(Falcon)이 8월\n‘팔콘 맘바 7B’를 출시하는 등, 최근 오픈소스 AI 개발자 사이에서 맘바의 인기가 높아지는 추세\n∙ AI21 역시 맘바 아키텍처를 토대로 더 빠른 추론 시간과 더 긴 컨텍스트를 지원하는 잠바 아키텍처를\n활용해 기반모델을 개발\nn 고센 CEO는 AI 에이전트가 최근 들어서야 부상하고 있으며 대다수 AI 에이전트가 아직 상용화되지 않은\n이유가 트랜스포머로 구축된 LLM의 한계 때문이라고 지적\n∙ AI 에이전트가 상용화되려면 데이터 간 연관성을 파악해 확률적으로 가장 그럴듯한 답변을 생성하는\nLLM의 신뢰성을 높여야 하며, 필요한 수준의 신뢰성 보장을 위해서는 추가적인 요소의 통합이 필요\n∙ 최근 서비스나우(ServiceNow), 세일즈포스 등 여러 기업이 AI 에이전트나 에이전트 구축을 지원하는\n플랫폼을 출시하는 추세로, 고센 CEO는 이러한 추세가 적절한 기반모델과 아키텍처를 조합함으로써 더욱\n확산될 것으로 예상\n☞ 출처: Venturebeat, AI21 CEO says transformers not right for AI agents due to error perpetuation, 2024.10.11.\n16']","If LLMs don't become more reliable, it could affect their use in AI agents for data interaction by limiting their ability to generate the most probable answers reliably. This is because the reliability of LLMs is crucial for ensuring the necessary level of trustworthiness in their responses.",conditional,"[{'source': 'data/SPRi AI Brief_11월호_산업동향_F.pdf', 'file_path': 'data/SPRi AI Brief_11월호_산업동향_F.pdf', 'page': 18, 'total_pages': 25, 'Author': 'dj', 'Creator': 'Hwp 2018 10.0.0.13947', 'Producer': 'Hancom PDF 1.3.0.547', 'CreationDate': ""D:20241105150426+09'00'"", 'ModDate': ""D:20241105150426+09'00'"", 'PDFVersion': '1.4', 'filename': 'data/SPRi AI Brief_11월호_산업동향_F.pdf'}]",True
How does AI safety shift with data privacy prioritized over performance?,"['인간중심, 안전성\n비의도적 사용 대처 미발생\n개인정보 보호 프라이버시 보호 Ÿ LLM 시스템이 정보의 중요성에 따라 프라이버시를 적절히 보호\nŸ LLM 시스템의 허가되지 않은 운영 및 비의도적 수정 또는 중단으로 인한\n보안 보안\n기밀정보의 유출 방지\nŸ LLM 시스템 작동에 대한 증거 제시 등을 목적으로 출력의 근거를 기술적\n설명 가능성 투명성\n으로 합리적인 범위에서 확인 가능\nŸ LLM 시스템이 적대적 프롬프트, 왜곡된 데이터 및 잘못된 입력 등 예상치\n견고성 안전성, 투명성\n않은 입력에 대해 안정적 출력을 제공\nŸ LLM 시스템 학습을 위한 데이터가 적절한 상태로 유지되고 데이터 이력이\n데이터 품질 안전성, 공정성, 투명성\n적절히 관리되는 상태\nŸ LLM 시스템에 대한 다양한 유형의 검증이 모델 학습 단계에서 시스템 사용\n검증 가능성 투명성\n시점까지 제공되는 상태\nn AI 안전성 평가는 기본적으로 AI 시스템의 개발자 및 제공자에 의해 실시되며, AI 시스템 개발, 배포,\n사용 단계에서 적절한 간격으로 시행될 필요\n∙ AI 안전성 평가 범위는 개발 단계에서는 데이터, 배포와 사용 단계에서는 전체 LLM 시스템 등으로 달라질 수 있으며,\n평가는 한 차례가 아니라 반복적으로 실시\n☞ 출처: Japan AI Safety Institute, AIセーフティに関する評価観点ガイドの公開, 2024.09.25.\n14']",The context does not provide specific information on how AI safety shifts with data privacy prioritized over performance.,conditional,"[{'source': 'data/SPRi AI Brief_11월호_산업동향_F.pdf', 'file_path': 'data/SPRi AI Brief_11월호_산업동향_F.pdf', 'page': 16, 'total_pages': 25, 'Author': 'dj', 'Creator': 'Hwp 2018 10.0.0.13947', 'Producer': 'Hancom PDF 1.3.0.547', 'CreationDate': ""D:20241105150426+09'00'"", 'ModDate': ""D:20241105150426+09'00'"", 'PDFVersion': '1.4', 'filename': 'data/SPRi AI Brief_11월호_산업동향_F.pdf'}]",True
